Workbook

Sheet in
A1: OrderDate | B1: OrderID | C1: Product | D1: Category | E1: City | F1: Quantity | G1: UnitPrice | H1: Sales
A2: 46025 | B2: ORD1001 | C2: Notebook | D2: Stationery | E2: Johannesburg | F2: 5 | G2: 25 | H2: 125
A3: 46026 | B3: ORD1002 | C3: Pen Pack | D3: Stationery | E3: Pretoria | F3: 8 | G3: 15 | H3: 120 | J3: =SUM(H2,H7,H13,H19,H24,H30) -> 1000
A4: 46027 | B4: ORD1003 | C4: Desk Lamp | D4: Electronics | E4: Johannesburg | F4: 2 | G4: 180 | H4: 360 | J4: =SUM(H3,H9,H16,H21,H27) -> 600
A5: 46028 | B5: ORD1004 | C5: Water Bottle | D5: Accessories | E5: Soweto | F5: 3 | G5: 85 | H5: 255 | J5: =SUM(H4,H11,H17,H23,H29) -> 1620
A6: 46029 | B6: ORD1005 | C6: Backpack | D6: Accessories | E6: Pretoria | F6: 1 | G6: 320 | H6: 320 | J6: =SUM(H5,H10,H15,H22,H28) -> 1700
A7: 46030 | B7: ORD1006 | C7: Notebook | D7: Stationery | E7: Soweto | F7: 10 | G7: 25 | H7: 250 | J7: =SUM(H6,H12,H18,H25,H31) -> 2240
A8: 46032 | B8: ORD1007 | C8: Headphones | D8: Electronics | E8: Johannesburg | F8: 2 | G8: 450 | H8: 900
A9: 46033 | B9: ORD1008 | C9: Pen Pack | D9: Stationery | E9: Pretoria | F9: 6 | G9: 15 | H9: 90
A10: 46034 | B10: ORD1009 | C10: Water Bottle | D10: Accessories | E10: Johannesburg | F10: 4 | G10: 85 | H10: 340
A11: 46036 | B11: ORD1010 | C11: Desk Lamp | D11: Electronics | E11: Soweto | F11: 1 | G11: 180 | H11: 180
A12: 46037 | B12: ORD1011 | C12: Backpack | D12: Accessories | E12: Johannesburg | F12: 2 | G12: 320 | H12: 640
A13: 46038 | B13: ORD1012 | C13: Notebook | D13: Stationery | E13: Pretoria | F13: 7 | G13: 25 | H13: 175
A14: 46040 | B14: ORD1013 | C14: Headphones | D14: Electronics | E14: Pretoria | F14: 1 | G14: 450 | H14: 450
A15: 46041 | B15: ORD1014 | C15: Water Bottle | D15: Accessories | E15: Soweto | F15: 5 | G15: 85 | H15: 425
A16: 46042 | B16: ORD1015 | C16: Pen Pack | D16: Stationery | E16: Johannesburg | F16: 9 | G16: 15 | H16: 135
A17: 46044 | B17: ORD1016 | C17: Desk Lamp | D17: Electronics | E17: Pretoria | F17: 3 | G17: 180 | H17: 540
A18: 46045 | B18: ORD1017 | C18: Backpack | D18: Accessories | E18: Soweto | F18: 1 | G18: 320 | H18: 320
A19: 46046 | B19: ORD1018 | C19: Notebook | D19: Stationery | E19: Johannesburg | F19: 4 | G19: 25 | H19: 100
... A31: 46071 | B31: ORD1030 | C31: Backpack | D31: Accessories | E31: Johannesburg | F31: 2 | G31: 320 | H31: 640

Sheet Analysis
A1: Total Sales | B1: =SUM(in!H2:H31) -> 10760 | D1: Sales By City | E1: Total Sales | G1: Sales By Category | H1: Total sales | J1: Sales By Product | K1: Total sales | O1: Order Date | P1: Total Sales
A2: Average Sales | B2: =ROUND(AVERAGE(in!H2:H31),2) -> 358.67 | D2: Johannesburg | E2: =SUMIF(in!E2:E31,D2,in!H2:H31) -> 5460 | G2: Stationery | H2: =SUMIF(in!D2:D31,G2,in!H2:H31) -> 1600 | J2: Notebook | K2: =SUMIF(in!$C$2:C31,J2,in!$H$2:$H$31) -> 1000 | O2: 46025 | P2: =SUMIF(in!$A$2:$A$31,O2,in!$H$2:$H$31) -> 125
A3: Highest Sale | B3: =MAX(in!H2:H31) -> 1350 | D3: Pretoria | E3: =SUMIF(in!E3:E32,D3,in!H3:H32) -> 2695 | G3: Electronics | H3: =SUMIF(in!D3:D32,G3,in!H3:H32) -> 5220 | J3: Pen Pack | K3: =SUMIF(in!$C$2:C32,J3,in!$H$2:$H$31) -> 600 | O3: 46026 | P3: =SUMIF(in!$A$2:$A$31,O3,in!$H$2:$H$31) -> 120
A4: Lowest sale | B4: =MIN(in!H2:H31) -> 75 | D4: Soweto | E4: =SUMIF(in!E4:E33,D4,in!H4:H33) -> 2605 | G4: Accessories | H4: =SUMIF(in!D4:D33,G4,in!H4:H33) -> 3940 | J4: Desk Lamp | K4: =SUMIF(in!$C$2:C33,J4,in!$H$2:$H$31) -> 1620 | O4: 46027 | P4: =SUMIF(in!$A$2:$A$31,O4,in!$H$2:$H$31) -> 360
A5: Total Quantity | B5: =SUM(in!F2:F31) -> 124 | J5: Water Bottle | K5: =SUMIF(in!$C$2:C34,J5,in!$H$2:$H$31) -> 1700 | O5: 46028 | P5: =SUMIF(in!$A$2:$A$31,O5,in!$H$2:$H$31) -> 255
J6: Headphones | K6: =SUMIF(in!$C$2:C35,J6,in!$H$2:$H$31) -> 3600 | O6: 46029 | P6: =SUMIF(in!$A$2:$A$31,O6,in!$H$2:$H$31) -> 320
J7: Backpack | K7: =SUMIF(in!$C$2:C36,J7,in!$H$2:$H$31) -> 2240 | O7: 46030 | P7: =SUMIF(in!$A$2:$A$31,O7,in!$H$2:$H$31) -> 250
O8: 46032 | P8: =SUMIF(in!$A$2:$A$31,O8,in!$H$2:$H$31) -> 900
O9: 46033 | P9: =SUMIF(in!$A$2:$A$31,O9,in!$H$2:$H$31) -> 90
O10: 46034 | P10: =SUMIF(in!$A$2:$A$31,O10,in!$H$2:$H$31) -> 340
O11: 46036 | P11: =SUMIF(in!$A$2:$A$31,O11,in!$H$2:$H$31) -> 180
O12: 46037 | P12: =SUMIF(in!$A$2:$A$31,O12,in!$H$2:$H$31) -> 640
O13: 46038 | P13: =SUMIF(in!$A$2:$A$31,O13,in!$H$2:$H$31) -> 175
O14: 46040 | P14: =SUMIF(in!$A$2:$A$31,O14,in!$H$2:$H$31) -> 450
O15: 46041 | P15: =SUMIF(in!$A$2:$A$31,O15,in!$H$2:$H$31) -> 425
O16: 46042 | P16: =SUMIF(in!$A$2:$A$31,O16,in!$H$2:$H$31) -> 135
O17: 46044 | P17: =SUMIF(in!$A$2:$A$31,O17,in!$H$2:$H$31) -> 540
O18: 46045 | P18: =SUMIF(in!$A$2:$A$31,O18,in!$H$2:$H$31) -> 320
O19: 46046 | P19: =SUMIF(in!$A$2:$A$31,O19,in!$H$2:$H$31) -> 100
... O31: 46071 | P31: =SUMIF(in!$A$2:$A$31,O31,in!$H$2:$H$31) -> 640
P32: =SUM(P2:P31) -> 10760
